Occurred,City,State,Country,Shape,Summary,Detail URL
05/08/1998 22:30,Tepatitlan de Morelos,Jalisco,Mexico,Light,We where on the road when we saw 2 long lights flying hirizontaly flashing alternatly. Then 2 or 3 sec. after it started decending and,https://nuforc.org/sighting/?id=4301
03/15/1996 03:00,San Felipe,Guanajuato,Mexico,Diamond,"While traveling to San Felipe for a fishing trip Three Immigration Inspectors and myself a Customs Inspector spotted a ""diamond"" to the",https://nuforc.org/sighting/?id=3323
09/15/1998 21:00,San Luis Potosi,San Luis Potosí,Mexico,Disk,"Craft was approaching, it accelerated very fast, stopped and changed direction several times.",https://nuforc.org/sighting/?id=4800
09/15/1994 10:00,Mexicali,Baja California,Mexico,Oval,"I seen one objet upper the Sierra cucapah (Cucapah mountains)the form of this objet: ovoid and gold color, this objet disappears when i",https://nuforc.org/sighting/?id=3007
12/05/1998 19:00,Valle de Bravo,México,Mexico,Light,White bright light like a headlight with a cloudy proyection though heaven was clear. It suddenly disspareared leaving just the bright,https://nuforc.org/sighting/?id=5016
02/16/1984 23:00,Guadalajara,Jalisco,Mexico,Formation,it happend while on a road to guadalajara jalisco mexico my 3 brothers ans sister are witnesses of seeing 5 objects flying very high in,https://nuforc.org/sighting/?id=3259
09/20/1996 23:30,Cancun,Quintana Roo,Mexico,Light,3 dull orange lights closely clustered traveling from NNW to SSE. Traveling at high altitude & rate of speed with a abrupt jog to the e,https://nuforc.org/sighting/?id=1976
01/09/1999 02:39,Tijuana,Baja California,Mexico,Rectangle,A white flash of light moving east to west stopped for one second in the shape of a green rectangle with round corners.  Then It procee,https://nuforc.org/sighting/?id=5322
08/23/1997 22:00,Hermosillo,Sonora,Mexico,Other,"A white boomerrang spaceship decloaked (six blocks away), then like, warp speed away.(Star Trek stlye).",https://nuforc.org/sighting/?id=5696
01/09/1999 22:00,Cancun,Quintana Roo,Mexico,Unknown,i always and looking for satellites. this particular night i thought i had found one because of the speed that the light was moving was,https://nuforc.org/sighting/?id=5811
03/18/2014 19:30,Playa del Carmen,Quintana Roo,Mexico,Other,3 bird like crafts seen at night.,https://nuforc.org/sighting/?id=107943
,Tenancingo,México,,,,https://nuforc.org/subndx/?id=cMexico
12/05/1998 19:00,Ajijic,Jalisco,Mexico,Light,"very bright pinpoint light w/ cone shape vapor trail. Observed for 5 min, looked to be at 3 to 5 k ft. pinpoint started to move and dis",https://nuforc.org/sighting/?id=5006
02/28/1999 22:00,Cancun,Quintana Roo,Mexico,Changing,Satilite like object then growing bright changing direction and moving rapidly upwards.,https://nuforc.org/sighting/?id=8215
11/17/1989 07:30,Ensenada,Baja California,Mexico,Disk,A circular shaped craft  emiting three amber rays under it slowly hovering silently over the houses of the neighborhood .,https://nuforc.org/sighting/?id=36337
04/18/2004 02:00,Cancun,Quintana Roo,Mexico,Triangle,Triangular shaped illuminating object hovering over the ocean near Cancun Mexico.  ((NUFORC Note:  Sighting of a planet??  PD)),https://nuforc.org/sighting/?id=36455
06/01/1983 20:30,Ciudad Lazaro Cardenas,Michoacán,Mexico,Sphere,We saw a gigantic sphere in the sky one Saturday night after an earthquake in Mexico.,https://nuforc.org/sighting/?id=7737
07/06/2003 20:30,Los Mochis,Sinaloa,Mexico,Egg,glowing ball flying from south to north at the south end of the bay...  Bahia De Los Angeles Baja California Norte,https://nuforc.org/sighting/?id=35834
12/23/2007 04:00,San Jose del Cabo,Baja California Sur,Mexico,,"Bright light over San Jose del Cabo, Baja Mexico around 4:00 AM. About 35 degrees above the horizon moving slowly to west.",https://nuforc.org/sighting/?id=60452
03/15/2009 20:15,Cancun,Quintana Roo,Mexico,Light,"While on vacation in Cancun Mexico we stayed in the hotel  zone. On Sunday night March 15, 2009 at approximately 8:15 p.m., we were sit",https://nuforc.org/sighting/?id=69331
10/06/2008 20:00,Cuernavaca,Morelos,Mexico,Flash,"Two star-like objects sighted in Cuernavaca, Mexico, one flashed and then both disappeared.",https://nuforc.org/sighting/?id=66087
12/16/2006 21:00,Guadalajara,Jalisco,Mexico,Disk,5 huge ufos along the highway make the vehicles shake,https://nuforc.org/sighting/?id=54052
02/02/2008 01:53,Cancun,Quintana Roo,Mexico,Light,Two bright lights zigzaging over Cancun,https://nuforc.org/sighting/?id=61493
02/12/2004 21:00,Cancun,Quintana Roo,Mexico,Light,Star-like objects turning and moving at different directions and sometimes at incredible speed.,https://nuforc.org/sighting/?id=35169
05/01/1996 12:00,La Paz,Baja California Sur,Mexico,Disk,"disc shape object shiny and abouth 20 meters in diameter hovering over agricultural fields in la moncada, gto, mexico",https://nuforc.org/sighting/?id=35319
12/20/2006 20:20,Cancun,Quintana Roo,Mexico,Unknown,flashing lights over the Carribean for several days,https://nuforc.org/sighting/?id=54107
01/08/2010 18:45,Progreso,Yucatán,Mexico,,I was in the back yard next to the pool.  I live close to the ocean in a lonely place.  Sky was clear after a lot of rayni days.  I was,https://nuforc.org/sighting/?id=74153
02/06/2007 21:00,Cancun,Quintana Roo,Mexico,Other,"Saw an unidentified craft with outstanding maneuverablility and silent operation on the coast of Cancun, Mexico.",https://nuforc.org/sighting/?id=56500
02/17/2007 17:00,Culiacan,Sinaloa,Mexico,Unknown,Dark round hole in the clouds.,https://nuforc.org/sighting/?id=55367
03/21/2003 00:23,Mexico City,Ciudad de México,Mexico,Triangle,ufo's at sea above the pacific ocean,https://nuforc.org/sighting/?id=52152
03/03/2007 21:30,Cancun,Quintana Roo,Mexico,Light,We observed a faint orange-red light coming from the north,https://nuforc.org/sighting/?id=55604
01/01/2007 01:00,Puerto Vallarta,Jalisco,Mexico,Circle,"bright orange light over puerto vallarta, mex.  new years 1am.",https://nuforc.org/sighting/?id=54267
01/01/2007 17:45,Ensenada,Baja California,Mexico,Triangle,Trianglular mute lightened craft.,https://nuforc.org/sighting/?id=54266
03/05/2004 17:00,Mexico City,Ciudad de México,Mexico,,Mexico Air Force video creates UFO stir,https://nuforc.org/sighting/?id=36844
05/10/2003 13:00,Acambaro,Guanajuato,Mexico,Circle,Sighting of a white object flying at an impossible speed.,https://nuforc.org/sighting/?id=37788
03/05/2004 00:00,Mexico City,Ciudad de México,Mexico,Light,11 UFO's sighted in Mexican capital by airforce pilots visible only via infared cameras.,https://nuforc.org/sighting/?id=36866
03/09/2007 18:22,Tijuana,Baja California,Mexico,Sphere,circule on the sun in the midtle of it. 5 or 6 pictures same mark diferent camera.,https://nuforc.org/sighting/?id=59088
03/05/2004 00:00,Mexico City,Ciudad de México,Mexico,,UFO's over mexico,https://nuforc.org/sighting/?id=36868
03/05/2004 20:25,Mexico City,Ciudad de México,Mexico,Light,Tue May 11 09:25pm on Video from the AP news.Check out sbcYahoo for video under this date.Mexican Air Force pilots filmed 11 unidentifi,https://nuforc.org/sighting/?id=36907
04/26/2004 20:50,Tijuana,Baja California,Mexico,Light,Saw UFO outside Airplane Window.,https://nuforc.org/sighting/?id=36564
05/04/2004 20:48,Mexico City,Ciudad de México,Mexico,Oval,"Saucer shaped object over Mexico City on May 4, 2004",https://nuforc.org/sighting/?id=36918
06/30/1988 23:00,Mexico City,Ciudad de México,Mexico,Disk,WE WERE COMMERCIAL NET FISHING SWORDFISH ABOUT 80 MILES INTO MEXICO ABOUT 120 MILES OF SHORE JUST SOUTH OF SAN DEIGO  THE NET IS A MILE,https://nuforc.org/sighting/?id=64312
03/05/2004 23:00,Mexico City,Ciudad de México,Mexico,Disk,UFO's over Mexico City,https://nuforc.org/sighting/?id=36870
03/08/1993 21:35,San Martin Texmelucan de Labastida,Puebla,Mexico,Disk,"San Antonio del Mar, Baja California 5 miles north of Rosarito Beach Monday, March 8, 1993, 9:35 p.m.

 Bright moonlit night",https://nuforc.org/sighting/?id=51063
03/08/1993 19:35,San Martin Texmelucan de Labastida,Puebla,Mexico,Disk,Bright moonlit night with low fog on horizon No aircraft or boats off the coast of Baja California Bright lights appear at about 30 to,https://nuforc.org/sighting/?id=58860
12/01/1991 22:00,Reynosa,Tamaulipas,Mexico,Formation,THEY WERE FLYING AT AT A FAST SPEED,https://nuforc.org/sighting/?id=39904
08/15/1984 22:30,Mexico City,Ciudad de México,Mexico,Light,8/15/84    22:30    intense white light with two spheres        10 minutes     Object rises over desert accompanied by two spheres .,https://nuforc.org/sighting/?id=46984
09/12/1992 23:30,San Luis Potosi,San Luis Potosí,Mexico,Disk,"3 luminous objects, after being suspended in space, vanished at high speed, northbound.  Seen by two witnesses.",https://nuforc.org/sighting/?id=129350
07/01/1984 07:00,Morelia,Michoacán,Mexico,Sphere,Orange spheres close to homes in Mexico.,https://nuforc.org/sighting/?id=98043
01/15/1993 01:00,Puebla,Puebla,Mexico,Circle,After seeing this U.F.O i have become more open minded.,https://nuforc.org/sighting/?id=52033
06/01/1950 12:00,Mexicali,Baja California,Mexico,Disk,Large disk observed by townspeople in large Mexican city,https://nuforc.org/sighting/?id=47950
12/20/1980 23:00,Mexico City,Ciudad de México,Mexico,Disk,"clearly a flying suacer, solid, bright, silent , hovering at the top corner of a high rise building then flying away in an instant.",https://nuforc.org/sighting/?id=63209
06/01/1991 21:00,Zihuatanejo,Guerrero,Mexico,Cylinder,I looked up from a Beach called Los gatos and saw three circular disc in triangle formation shift forward and left  out of sight,https://nuforc.org/sighting/?id=90192
12/25/1978 21:30,Cabo San Lucas,Baja California Sur,Mexico,Fireball,I witnessed a very large glow in the sky which cannot be attributable to any known aircraft and which descended into the ocean.,https://nuforc.org/sighting/?id=62472
08/06/1959 20:30,Mexico City,Ciudad de México,Mexico,Formation,"Direction: West to East Seven lights type foo fighter (intense white neon light) in triangle formation, never ever seen speed. Due to t",https://nuforc.org/sighting/?id=60971
02/07/1980 00:00,Mexico City,Ciudad de México,Mexico,Circle,"MY FAMILY AND I LIVE IN A TWO STORY HOUSE AT THAT TIME, I WAS LOOKING AT THE WINDOW WHEN I SAW A FLYING SOUCER COMING TOUR ON TOP OF TH",https://nuforc.org/sighting/?id=61153
08/01/1953 12:00,Mexico City,Ciudad de México,Mexico,Unknown,See Below,https://nuforc.org/sighting/?id=171914
06/01/1980 15:00,Comalcalco,Tabasco,Mexico,Other,Big UFO hovering over a house,https://nuforc.org/sighting/?id=155126
07/15/1968 22:00,Monterrey,Nuevo León,Mexico,Circle,two brilliant circles of severals ligths of colours cross the sky in a summer nigth,https://nuforc.org/sighting/?id=38585
01/19/1995 22:00,Cancun,Quintana Roo,Mexico,Chevron,Glowing objects flying over Cancun,https://nuforc.org/sighting/?id=74428
05/08/1994 22:00,Apaseo el Grande,Guanajuato,Mexico,Oval,"UFO sighting and scanning sentsation in El Ajusco, Mexico",https://nuforc.org/sighting/?id=38096
07/08/1981 02:00,Leon de los Aldama,Guanajuato,Mexico,Light,It was around two in the morning my cousin and I were having a conversation ( I was back from a three year tour from Germany) It was a,https://nuforc.org/sighting/?id=42387
04/06/1996 02:00,Santa Maria Huatulco,Oaxaca,Mexico,Light,"A moving light that resembled a star but moved in a crazy, erratic fashion and then zipped away and disappeared",https://nuforc.org/sighting/?id=68707
12/04/1994 11:00,Tampico,Tamaulipas,Mexico,Formation,"flotilla de ovnis tomada en video en Diciembre de 1994 en Tampico, Tamaulipas. Mexico.",https://nuforc.org/sighting/?id=39447
09/02/1995 18:30,Xico,Veracruz,Mexico,Oval,I was like 10 years old when I saw an oval shape object flying into a mountain hill and sit for around 2 min and after that was gone.,https://nuforc.org/sighting/?id=173550
07/10/1997 16:00,Tultitlan de Mariano Escobedo,México,Mexico,Triangle,vergel de la sierra mexico sightings black triangle ufo,https://nuforc.org/sighting/?id=54416
04/12/2000 20:30,Mazamitla,Jalisco,Mexico,Light,Me and two other witnesses seen 3 lights in the sky on a evning walk.,https://nuforc.org/sighting/?id=68459
01/03/2000 23:00,Cancun,Quintana Roo,Mexico,Star,"Saw 17 formation N making back and forth up down mnvrs then turned S, one stopped in front of us",https://nuforc.org/sighting/?id=180485
06/10/2001 23:00,Cancun,Quintana Roo,Mexico,Light,2001-06 Cancun Mexico - distant bright orange dancing light,https://nuforc.org/sighting/?id=50175
06/15/2002 02:00,San Quintin,Baja California,Mexico,Other,Bright green aurora like bubble filled with an opaque ice color with bicycle wheel spokes of light meeting ta liquid metal colored disk,https://nuforc.org/sighting/?id=177021
02/15/2000 23:00,Tijuana,Baja California,Mexico,Flash,la estrella estuvo estatica por lo menos 30 min y su uida fue espectacular ni el mas moderno avion aria eso!,https://nuforc.org/sighting/?id=36845
05/07/2000 20:00,Mazatlan,Sinaloa,Mexico,,I have 20 minutes of film but no one seams intrested to even look at it It looks like an object moving away from you as bright as any s,https://nuforc.org/sighting/?id=38296
09/01/2002 20:30,Puerto Vallarta,Jalisco,Mexico,Other,"Something definitely seen and video taped while vacationing in Puerto Vallarta, Mex.",https://nuforc.org/sighting/?id=41934
05/05/2004 00:00,Mexico City,Ciudad de México,Mexico,,Article in the Globe and Mail,https://nuforc.org/sighting/?id=36867
05/26/2004 01:00,Cancun,Quintana Roo,Mexico,Other,Show in the sky!,https://nuforc.org/sighting/?id=37268
06/15/2004 21:00,Monterrey,Nuevo León,Mexico,Orb,Big orb-shaped flying structure with multiple lights coming from it.,https://nuforc.org/sighting/?id=180881
07/04/2004 22:00,Mexico City,Ciudad de México,Mexico,Sphere,fast moving object across bay,https://nuforc.org/sighting/?id=44439
06/16/2004 13:45,Malinalco,México,Mexico,Oval,"2 female friends at lunch in Malinalco, Mexico last June - saw small shiny silver oval/circular object for about 12 seconds",https://nuforc.org/sighting/?id=38945
06/30/2004 03:00,Playas de Rosarito,Baja California,Mexico,Unknown,"It put its hand near my face, but stopped and spoke to another one that told him to leave me alone, for they were ""done here.""",https://nuforc.org/sighting/?id=108983
05/17/2004 22:00,Puerto Vallarta,Jalisco,Mexico,Light,A flashing red and white light making irratic movements and hovering at length before disappearing.,https://nuforc.org/sighting/?id=37301
12/23/2000 19:00,La Paz,Baja California Sur,Mexico,Orb,White orb of light hovering over Sierra Madre Mountains during Christmas week.,https://nuforc.org/sighting/?id=77687
07/20/2004 01:00,Cancun,Quintana Roo,Mexico,Light,"Satallite with a mind of its own?? Riviera Maya, Mexico",https://nuforc.org/sighting/?id=38412
08/02/2004 22:15,Cabo San Lucas,Baja California Sur,Mexico,Other,large light object that stayed in sighting for approx. 20 to 25 minutes. moving west to east,https://nuforc.org/sighting/?id=38537
06/05/2004 21:00,Cancun,Quintana Roo,Mexico,Orb,"high speed light that can change course in a second, in high orbit.",https://nuforc.org/sighting/?id=41237
11/09/2004 03:30,Puerto Vallarta,Jalisco,Mexico,Light,"Odd light formations over Banderas Bay in Puerto Vallarta, Mexico...",https://nuforc.org/sighting/?id=40562
10/11/2004 10:00,Nuevo Laredo,Tamaulipas,Mexico,Light,"While I was driving I stopped at a traffic light and when I turned to wait for the green light, I saw 11 bright lights in the sky",https://nuforc.org/sighting/?id=50918
07/25/2004 22:00,Mexico City,Ciudad de México,Mexico,Sphere,fast moving object across bay,https://nuforc.org/sighting/?id=44440
08/24/2004 19:15,Cancun,Quintana Roo,Mexico,Cigar,"A huge object off the coast of Cancun, Mexico",https://nuforc.org/sighting/?id=70149
01/01/2005 00:30,Monterrey,Nuevo León,Mexico,Cross,"Object moves from west to east, makes a u-turn, and goes back west. Glows orange. Repeat of 12-24 event.",https://nuforc.org/sighting/?id=41343
09/05/2004 13:00,Mexico City,Ciudad de México,Mexico,,"hey did anyone see that thing on CNN about a single ufo in Mexico? I dont remember the time that it happened or even what month it was,",https://nuforc.org/sighting/?id=41093
12/24/2004 23:00,Monterrey,Nuevo León,Mexico,Cross,On December 24th at about 11:00pm a jet shaped objected moved across the sky glowing orange at a high altitude.,https://nuforc.org/sighting/?id=41307
11/10/2004 20:11,Puerto Vallarta,Jalisco,Mexico,Light,"Odd lights remain over the Bay of Banderes, Puerto Vallarta, Mexico.… ((NUFORC Note:  Possibly stars, we suspect.  PD))",https://nuforc.org/sighting/?id=40567
02/03/2005 14:00,Tulum,Quintana Roo,Mexico,Triangle,Photographic picture,https://nuforc.org/sighting/?id=48647
11/23/2004 19:00,Puerto Vallarta,Jalisco,Mexico,Circle,Large spheric objects in the sky.,https://nuforc.org/sighting/?id=40754
01/18/2005 09:00,Cozumel,Quintana Roo,Mexico,Other,While on a cruise NCL Spirit before leaving the ship I saw the sun trying to break through the clouds I took a picture with ray coming,https://nuforc.org/sighting/?id=41598
11/16/2004 17:05,Ojuelos de Jalisco,Jalisco,Mexico,Disk,al evisar fotografias de un paisaje tomado en la sierra de Tapalpa Jalisco descubri unos puntos negros al momento de hacer la ampliacio,https://nuforc.org/sighting/?id=40684
01/01/2005 06:51,Monterrey,Nuevo León,Mexico,Egg,"i was just taking pictures of night view with my digital camera, and i suddenly realized that i took a picture of UFO",https://nuforc.org/sighting/?id=41345
03/15/2005 23:45,Leon de los Aldama,Guanajuato,Mexico,Disk,"A large radiating craft seen above Playa Paraiso beach, 3 hours from Acapulco.",https://nuforc.org/sighting/?id=61623
04/23/2005 17:00,Mexico City,Ciudad de México,Mexico,Disk,Four unidentifiable objects in a photograph that I took in Mexico City.,https://nuforc.org/sighting/?id=43679
04/28/2005 21:00,Cuernavaca,Morelos,Mexico,Orb,"Bright Red-Orange-White Ball of Light in Cuernavaca, Mexico",https://nuforc.org/sighting/?id=69039
04/29/2005 23:30,Playa del Carmen,Quintana Roo,Mexico,Light,Lighted UFO  following shores of Play Car towards Cancun and making tight circle,https://nuforc.org/sighting/?id=43753
05/07/2005 21:00,Mexico City,Ciudad de México,Mexico,Light,Red lights in the sky.,https://nuforc.org/sighting/?id=81132
05/23/2005 11:45,Cozumel,Quintana Roo,Mexico,Formation,we watch alot of shows on this subject and what we have in this picture closely resembles a UFO formation,https://nuforc.org/sighting/?id=44475
07/25/2005 21:00,San Felipe,Guanajuato,Mexico,Disk,UFO followed my truck.,https://nuforc.org/sighting/?id=135036
08/27/2005 10:00,Nuevo Laredo,Tamaulipas,Mexico,Light,"A half hour ago, I and others have seen a very bright ""star"" moving from northest to southwest altmost on the cenit (70 to 90°)with a v",https://nuforc.org/sighting/?id=45870
03/10/2005 18:34,La Paz,Baja California Sur,Mexico,Sphere,UFO in calm coastal Sunset sky.,https://nuforc.org/sighting/?id=42955
02/04/2005 12:00,Tulum,Quintana Roo,Mexico,Disk,Saucer over Tulum Ruins,https://nuforc.org/sighting/?id=41999
08/14/2005 14:02,Xico,Veracruz,Mexico,Cone,"This sigthtin occurs a day after a sismologic event in mexico city, the ufo was seen in an area called mexican volcanos, a common area",https://nuforc.org/sighting/?id=45645
11/01/2005 18:00,Tijuana,Baja California,Mexico,Light,i was in Mexico visting my grandparents. I walked to the supermarket  to get bread and milk for them since they love to eat that for di,https://nuforc.org/sighting/?id=47951
11/20/2005 20:00,Acapulco de Juarez,Guerrero,Mexico,Circle,after work we 3  ships  flying  across the sky in acapulco in mexico,https://nuforc.org/sighting/?id=48517
12/02/2005 19:37,Puerto Vallarta,Jalisco,Mexico,Unknown,"bright strobe light ufo seen over bay in puerto vallarta, mexico",https://nuforc.org/sighting/?id=48366
12/28/2005 20:00,Cancun,Quintana Roo,Mexico,Other,"multicolored ""Star"" changing formation.  ((NUFORC Note:  Possible sighting of Sirius??  PD))",https://nuforc.org/sighting/?id=62034
12/31/2005 21:30,San Luis Potosi,San Luis Potosí,Mexico,Sphere,The red  glowing spheres in Mexico were first seen flying as a triangle and then went into a straight line.,https://nuforc.org/sighting/?id=49295
02/01/2006 22:50,Puerto Vallarta,Jalisco,Mexico,Formation,"Five reddish orange lights moving at very fast , floating speeds in a formation.  Dog got agitated as it got closer.",https://nuforc.org/sighting/?id=48965
01/19/2006 23:15,Cabo San Lucas,Baja California Sur,Mexico,Other,"4 star-like objects with a surrounding halo appeared in succession to form an arc northeast of and close to the moon, then suddenly dis",https://nuforc.org/sighting/?id=50157
03/06/2006 16:00,Cabo San Lucas,Baja California Sur,Mexico,Circle,A yellow/orange circle which looked as if it radiated heat was moving at such a fast speed that the pictures I took left a long rope,https://nuforc.org/sighting/?id=49797
12/31/2005 23:00,Merida,Yucatán,Mexico,Fireball,"Decenas de esferas de colores en elcielo nocturno de Mérida, Yucatán,México.",https://nuforc.org/sighting/?id=48731
12/21/2005 16:00,Durango,Durango,Mexico,Disk,I seen a four UFOs in Mexico clearly in the day time.,https://nuforc.org/sighting/?id=79397
11/28/2005 09:10,Guaymas,Sonora,Mexico,Fireball,"I was driving South on the road,Forme Hermosillo to Guaymas , the sky was blue, There was no clouds Somethinhg bright on the sky , call",https://nuforc.org/sighting/?id=48007
04/23/2006 12:06,Tulum,Quintana Roo,Mexico,Rectangle,Caught shot of possible UFO on Vacation near Mayan Ruins in Mexico,https://nuforc.org/sighting/?id=56723
01/01/2006 11:00,San Luis Potosi,San Luis Potosí,Mexico,Unknown,UFO'S in san luise mexico.,https://nuforc.org/sighting/?id=48583
05/09/2006 21:15,Merida,Yucatán,Mexico,Cigar,The object fly in to W-NW direction. The object changed by red-blue colors. The object appear in the sky and desappear in seconds,https://nuforc.org/sighting/?id=50708
06/07/2006 14:36,Monterrey,Nuevo León,Mexico,Sphere,go to fast speed,https://nuforc.org/sighting/?id=50864
04/22/2006 00:00,San Felipe,Guanajuato,Mexico,Disk,We were out looking at huge saquaro catus and taking pictures. When we got home and were looking at the pictures on T.V we noticed a si,https://nuforc.org/sighting/?id=50236
02/02/2006 18:30,Puerto Vallarta,Jalisco,Mexico,Disk,"Irreguelar ""cloud"" formations in sky above Bahia de Banderas.",https://nuforc.org/sighting/?id=48975
08/03/2006 22:50,Tecoman,Colima,Mexico,Sphere,"we seen an orange sphere that lasted for hours right above the ocean,it didnt move at all but it had a weird glow to it",https://nuforc.org/sighting/?id=51519
08/07/2006 23:00,Cancun,Quintana Roo,Mexico,Light,Red shooting star changed directions and went back into space.,https://nuforc.org/sighting/?id=52261
08/20/2006 16:34,Tijuana,Baja California,Mexico,Cigar,it aperd for a 3 second period standing statik long silver object,https://nuforc.org/sighting/?id=52127
09/02/2006 20:00,Manzanillo,Colima,Mexico,Changing,"Photos taken on the coast in Manzanillo, Mexico",https://nuforc.org/sighting/?id=55609
06/26/2006 21:30,Leon de los Aldama,Guanajuato,Mexico,Light,bright light omitting a fog light appearance toward earth,https://nuforc.org/sighting/?id=51146
10/18/2006 19:00,San Carlos Yautepec,Oaxaca,Mexico,Triangle,"Triangle UFO in San Carlos Mexico Oct 18,06",https://nuforc.org/sighting/?id=53029
07/03/2006 00:00,Tenancingo,México,Mexico,Circle,"UFO craft  witnessed Jalisco, Mexico",https://nuforc.org/sighting/?id=52503
11/18/2006 10:30,Hermosillo,Sonora,Mexico,Disk,"Disc-Shaped Object seen on Hermosillo-Obregon City, Sonora, Mexico Highway",https://nuforc.org/sighting/?id=53471
12/01/2006 22:00,Mexicali,Baja California,Mexico,Circle,flying multicolor rotating circle very fast and akward movements once entering U.S. airspace.,https://nuforc.org/sighting/?id=53757
04/07/2007 09:30,Puerto Vallarta,Jalisco,Mexico,Oval,"UFO Captured in Photo - Puerto Vallarta , Mexico",https://nuforc.org/sighting/?id=56183
11/16/2006 23:00,Zapopan,Jalisco,Mexico,Sphere,"3 objects appear over my house, exactly over my head, I have pics.",https://nuforc.org/sighting/?id=54053
04/07/2007 09:42,Puerto Vallarta,Jalisco,Mexico,Unknown,"UFO Puerto Valarta Captured On Photo April 07, 2007",https://nuforc.org/sighting/?id=56220
04/21/2007 23:00,Cancun,Quintana Roo,Mexico,Unknown,"Star like object on northerly course makes 120 degree turn, moves erratically and stops, vanishes",https://nuforc.org/sighting/?id=56375
09/01/2007 18:30,Mexico City,Ciudad de México,Mexico,Other,Unfamiliar vessel spotted from airplane nearing Gulf of Mexico.,https://nuforc.org/sighting/?id=58579
12/06/2006 00:00,Mexico City,Ciudad de México,Mexico,Disk,An object in Tepeyac Temple,https://nuforc.org/sighting/?id=73211
06/20/2007 21:50,Mexico City,Ciudad de México,Mexico,Orb,two bright white orbs  come from northwest heading southwest no  sound.  ((NUFORC Note:  Space Shuttle w/ ISS??  PD)),https://nuforc.org/sighting/?id=57222
01/01/2008 00:45,Puerto Escondido,Oaxaca,Mexico,Sphere,Orange shpere over southern Mexico,https://nuforc.org/sighting/?id=60644
05/25/2007 13:00,Monterrey,Nuevo León,Mexico,Disk,MEXICAN GOVERNMENT OFFICIALS RECOVER AND CONFISCATE OBJECT THAT FELL FROM SKY,https://nuforc.org/sighting/?id=60230
12/02/2007 22:00,Santa Maria Huatulco,Oaxaca,Mexico,Sphere,"Huatulco ufo. Brown disc shape, flat sides. ""Windows"" showing.",https://nuforc.org/sighting/?id=62537
11/16/2007 19:49,Ciudad Sabinas Hidalgo,Nuevo León,Mexico,Other,"Object in the form of ""number 3 (3), with a faint light reddish white in each of its three ends traveling with uniform speed to the sou",https://nuforc.org/sighting/?id=59925
10/21/2007 04:00,Mexico City,Ciudad de México,Mexico,Changing,"Triangular craft sighted in Mexico City, October 2007.",https://nuforc.org/sighting/?id=119342
02/08/2008 20:40,Puerto Vallarta,Jalisco,Mexico,Cone,"They came from the West, changed directions numerous times and were very visible to the naked eye.",https://nuforc.org/sighting/?id=61496
01/06/2008 02:10,Mexico City,Ciudad de México,Mexico,Sphere,An orange sphere traveling from east to west at an incredible speed,https://nuforc.org/sighting/?id=60700
01/09/2008 22:00,Mexico City,Ciudad de México,Mexico,Light,SHOOTING STAR TURNS OUT TO BE SOMETHING ELSE,https://nuforc.org/sighting/?id=66068
03/08/2008 13:45,Guadalajara,Jalisco,Mexico,Other,"amorphous, floating balloon-like object in the sky",https://nuforc.org/sighting/?id=77431
02/03/2008 21:45,Puerto Vallarta,Jalisco,Mexico,Circle,two round objects travelled in complete silence over water as I watched from my hotel room,https://nuforc.org/sighting/?id=62328
02/09/2008 14:08,San Martin Texmelucan de Labastida,Puebla,Mexico,Oval,"UFO over San Carlos, Sonora, Mexico.  ((NUFORC Note:  Lens flares.  PD))",https://nuforc.org/sighting/?id=61600
08/31/2008 17:00,Cuernavaca,Morelos,Mexico,Cylinder,Cane shaped object spinning slowly,https://nuforc.org/sighting/?id=65488
01/18/2008 20:00,Nuevo Laredo,Tamaulipas,Mexico,Fireball,bright ball seen in the northern sky traveling south from Nuevo Leon Mexico,https://nuforc.org/sighting/?id=61646
10/25/2008 19:30,San Jose del Cabo,Baja California Sur,Mexico,Fireball,Orange fiery shapes at just above sea level  travelling in southern direction toward Cabo San Lucas,https://nuforc.org/sighting/?id=70412
04/09/2008 23:30,Playa del Carmen,Quintana Roo,Mexico,Circle,"ufo seen in playa del carmen, mexico",https://nuforc.org/sighting/?id=63294
12/19/2008 22:25,Mexicali,Baja California,Mexico,Triangle,triangular shaped 3 lights incredible from north to south low to very high altitude aircraft event about 1 min. long.,https://nuforc.org/sighting/?id=67555
09/30/2008 13:52,Tlaltenango de Sanchez Roman,Zacatecas,Mexico,Oval,"((HOAX))  UFO ON THE MIDDLE OF ZACATECAS, MEXICO",https://nuforc.org/sighting/?id=66036
12/12/2008 00:00,Xico,Veracruz,Mexico,Light,Ball of light following plane for hours.,https://nuforc.org/sighting/?id=102891
03/07/2009 19:50,Hermosillo,Sonora,Mexico,Light,I have captured a strange light when I took a photo from the moon in N Mexico.  ((NUFORC Note:  Lens flare??  PD)),https://nuforc.org/sighting/?id=69280
04/10/2009 11:00,Mexico City,Ciudad de México,Mexico,Sphere,The object was clearly flying over the Pyramids in Mexico City,https://nuforc.org/sighting/?id=69637
03/14/2009 18:30,Cancun,Quintana Roo,Mexico,Cigar,"cigar-shaped orange emitting light over the beach in Cancun, Mexico",https://nuforc.org/sighting/?id=69395
01/01/2009 00:25,Puerto Escondido,Oaxaca,Mexico,Sphere,Multiple Orange & Red Spheres Over Southern Mexico,https://nuforc.org/sighting/?id=69411
12/21/2008 11:30,Mexico City,Ciudad de México,Mexico,Sphere,Sphere with clear halo seen in Mexico City,https://nuforc.org/sighting/?id=67569
04/03/2009 11:20,Ensenada,Baja California,Mexico,Circle,"Walking along some hills east of Ensenada, Mexico with friends we saw three metalic balls at the top of a hill. At first we thought the",https://nuforc.org/sighting/?id=69510
04/05/2010 19:00,Cancun,Quintana Roo,Mexico,Triangle,The object was glowing green and red. At times it went to just green and then white. Was usually green for the most part with red,https://nuforc.org/sighting/?id=74903
04/19/2010 01:30,Progreso,Yucatán,Mexico,Triangle,2 large spacecrafts emitting 12+ spherical objects with incredible speed and agility.,https://nuforc.org/sighting/?id=77581
05/07/2010 21:45,San Felipe,Guanajuato,Mexico,Light,Huge Bright White Light Flash in Desert Baja Sky,https://nuforc.org/sighting/?id=75342
05/15/2010 12:00,Tulum,Quintana Roo,Mexico,Disk,You can clearly see a metallic disc craft in the top right corner of the photo above the mayan ruin. ((NUFORC Note:  Bird?  PD)),https://nuforc.org/sighting/?id=76279
05/15/2009 21:00,Puerto Vallarta,Jalisco,Mexico,Sphere,Huge Sphere over  Puerto Vallarta Mexico,https://nuforc.org/sighting/?id=78630
08/11/2009 20:36,Xalapa,Veracruz,Mexico,Other,Lighted circular craft flying over power plant in Mexico.,https://nuforc.org/sighting/?id=71613
01/01/2010 19:00,Jilotepec,México,Mexico,Diamond,AVISTAMIENTO DE OVNI SOBRE MEXICO.,https://nuforc.org/sighting/?id=73955
10/29/2010 20:20,Morelia,Michoacán,Mexico,Orb,Huge blue lights over Morelia Mexico,https://nuforc.org/sighting/?id=78625
07/20/2010 15:30,Xico,Veracruz,Mexico,Chevron,A small ovni in Mexicos Sky,https://nuforc.org/sighting/?id=76839
10/29/2010 20:20,Morelia,Michoacán,Mexico,Light,"Amendment to prior form from Morelia, Mexico",https://nuforc.org/sighting/?id=78628
10/23/2010 18:00,Queretaro,Querétaro,Mexico,,"published in a local diary ""diario de queretaro"", it says many people have seen UFO's in my city, The date of the newspaper is 10/25/20",https://nuforc.org/sighting/?id=78555
11/15/2010 10:42,Tampico,Tamaulipas,Mexico,Disk,"UFO picture taken over the Tamesi River in Tampico, Mexico",https://nuforc.org/sighting/?id=79594
03/09/2011 03:00,San Luis Potosi,San Luis Potosí,Mexico,Other,Strange silent object hovering over my daughters bed,https://nuforc.org/sighting/?id=80412
11/02/2010 18:50,Morelia,Michoacán,Mexico,Light,Strange lights in Morelia Mexico,https://nuforc.org/sighting/?id=78698
04/20/2011 20:00,Mexico City,Ciudad de México,Mexico,Unknown,Boomerang shaped UFO noticed in viral youtube video clip.  ((NUFORC Note:  Possible bird in hovering flight??  PD)),https://nuforc.org/sighting/?id=80955
08/15/2011 20:15,Torreon,Coahuila,Mexico,Cigar,2 cigar like objects,https://nuforc.org/sighting/?id=84260
10/21/2011 22:30,San Jose del Cabo,Baja California Sur,Mexico,Light,"Flashing On and Off Star-Like light over San Jose del Cabo, Baja Sur, Mexico",https://nuforc.org/sighting/?id=84962
03/26/2011 09:35,Punta Prieta,Baja California,Mexico,Formation,Punta Mita Mexico. 8 inverted wing shape lights criss crossing each other.Appeared  like white lit birds in the dark sky,https://nuforc.org/sighting/?id=80611
09/18/2011 22:30,Cabo San Lucas,Baja California Sur,Mexico,Other,Black flying object over Cabo San Lucas Hotel.  Had red lights coming from it from a distance.,https://nuforc.org/sighting/?id=84217
03/18/2011 23:47,Cabo San Lucas,Baja California Sur,Mexico,Unknown,"Regular appearing and disappearing blinking lights over Cabo San Lucas, Mexico",https://nuforc.org/sighting/?id=80521
09/05/2011 04:00,Santiago Juxtlahuaca,Oaxaca,Mexico,Oval,flying flourescent lighted object that change directions fast.,https://nuforc.org/sighting/?id=83725
06/21/2011 18:00,Mexico City,Ciudad de México,Mexico,Disk,"I was lying on the ground looking out the window at the sky and was listening to my iPod , suddenly I started hearing static on it and",https://nuforc.org/sighting/?id=81872
12/04/2011 06:25,Monterrey,Nuevo León,Mexico,Light,An orange ball of light was faster than a plane or helicopter and disappeared,https://nuforc.org/sighting/?id=85669
10/29/2011 23:40,Tijuana,Baja California,Mexico,Sphere,fireball,https://nuforc.org/sighting/?id=84998
02/09/2012 23:45,Puerto Vallarta,Jalisco,Mexico,Other,"8 oranges lights with 3 dropping something into the ocean at Puerto Vallarta on 9  February 2012, at 23:00hrs.",https://nuforc.org/sighting/?id=87166
11/24/2011 22:00,Playa del Carmen,Quintana Roo,Mexico,Light,"Three sets of three red-coral neon lights in line, ""following"" one another, from mainland crossing to Cozumel island, in México",https://nuforc.org/sighting/?id=85580
02/09/2012 19:50,Puerto Escondido,Oaxaca,Mexico,Sphere,"A sphere, changing from orange to white, passed over my home at around 7:30-7:40 tonight. There was no sound, but it was traveling at a",https://nuforc.org/sighting/?id=87120
01/05/2012 05:53,Mexico City,Ciudad de México,Mexico,Light,1 White Light that Looked Like Moving Star. 2nd White Light Same but disappeared a few seconds later.,https://nuforc.org/sighting/?id=86499
03/20/2012 17:48,Puerto Vallarta,Jalisco,Mexico,Light,"There were two lights that were white and blue moving abnormally fast near the Sierra Madre Mountains in Puerto Vallarta, Jalisco, MX",https://nuforc.org/sighting/?id=88029
08/22/2012 19:00,San Jose del Cabo,Baja California Sur,Mexico,Light,3 UFO’s holding a triangular position adjacent to the moon for 2+ hours.,https://nuforc.org/sighting/?id=92080
11/29/2011 22:30,San Jose del Cabo,Baja California Sur,Mexico,Unknown,"UFO appeared, got fuzzy, disappeared, full moon appeared for few seconds then disappeared",https://nuforc.org/sighting/?id=87855
01/21/2012 20:00,Puerto Vallarta,Jalisco,Mexico,Light,"Orange light in sky, silent, moving slowly.",https://nuforc.org/sighting/?id=86885
12/23/2011 22:15,Tijuana,Baja California,Mexico,Fireball,"Fireballs in Tijuana,Mexico s night sky  Dec 23 2011",https://nuforc.org/sighting/?id=86035
03/14/2013 09:09,Guadalajara,Jalisco,Mexico,Diamond,Black Pyramidal UFO hovering over a Guadalajara Mexico,https://nuforc.org/sighting/?id=96672
09/02/2012 01:20,Puerto Vallarta,Jalisco,Mexico,Disk,"Off the balcony of our hotel in Puerto Vallarta, Mexico, my fiancé and myself observed 4 bright orange lights.  Others appeared, too.",https://nuforc.org/sighting/?id=92901
01/13/2013 00:10,Monterrey,Nuevo León,Mexico,Light,Red light approaching stopped his movement.,https://nuforc.org/sighting/?id=95937
05/01/2013 21:00,Puerto Vallarta,Jalisco,Mexico,,Missing 2.15 hours with my Aunt while in Mexico ...both of us have no idea,https://nuforc.org/sighting/?id=117826
03/05/2013 20:00,San Jose del Cabo,Baja California Sur,Mexico,Light,Rectangular flash of light fly ¾ of the way across the sky.  It flew across the sky very fast and disappeared ¾ of the way from reachin,https://nuforc.org/sighting/?id=96557
03/01/2013 23:00,Tepic,Nayarit,Mexico,Light,Three orange lights moving and hovering in Mexico.,https://nuforc.org/sighting/?id=99032
04/20/2013 18:15,Cabo San Lucas,Baja California Sur,Mexico,Other,11 +/- white 'dots' around the rising moon in Cabo,https://nuforc.org/sighting/?id=97261
02/07/2013 10:30,San Carlos Yautepec,Oaxaca,Mexico,Oval,"On the beach in Mexico I saw a flat oval shaped bright shiny UFO high in the sky which hovered, turned and disappeard after 90 seconds.",https://nuforc.org/sighting/?id=96250
10/25/2013 11:11,Mexico City,Ciudad de México,Mexico,Cross,"Metalic objet in Mexico city.  ((NUFORC Note:  Photos show tiny, blurry, dark objects.  PD))",https://nuforc.org/sighting/?id=106774
01/24/2014 02:00,Mexico City,Ciudad de México,Mexico,Orb,"On 1/24/14, early am, 10 large orange orbs moved east  towards the Caribbean Sea over the Yucatan.",https://nuforc.org/sighting/?id=106684
12/24/2013 21:30,Tijuana,Baja California,Mexico,Triangle,Huge triangle shaped craft over Tijuana.,https://nuforc.org/sighting/?id=106284
07/12/2013 23:00,Cabo San Lucas,Baja California Sur,Mexico,Other,"((HOAX??))  The sky is very clear filled with an array of stars.  There is a yellowish, slightly reddish starlike object flashing.",https://nuforc.org/sighting/?id=100055
12/06/2013 12:10,Puerto Vallarta,Jalisco,Mexico,Unknown,"Short vapor trail seen at very very high altitude over Puerto Vallarta, flying S to N at 12:10 PM..",https://nuforc.org/sighting/?id=105110
12/24/2013 21:30,Monterrey,Nuevo León,Mexico,Fireball,Red and Yellow Flashing Object Moving Very slowly and Some other 4 with the same Shape Flying like in Formation,https://nuforc.org/sighting/?id=105704
11/09/2013 18:45,Tijuana,Baja California,Mexico,Light,"Red/orange bright lights around 10, moving very slowly starting a formation.",https://nuforc.org/sighting/?id=104300
02/20/2014 20:00,Queretaro,Querétaro,Mexico,Oval,"Very smooth, arched flight path.",https://nuforc.org/sighting/?id=107630
12/02/2003 21:00,Tulum,Quintana Roo,Mexico,Changing,"Bright multi-colored, pulsating cigar shaped object observed near Tulum,. Mexico",https://nuforc.org/sighting/?id=33629
11/26/2003 17:00,Cancun,Quintana Roo,Mexico,,"WAS  JUST BEFORE SUNSET,  AIRCRAFT  MIDLE ALTITUDE, FLYING FROM NORTH EAST TO SOUT WEST APERA LIKE A SPACE CRAFT  ENTERING THE ATHMOSFE",https://nuforc.org/sighting/?id=33418
03/13/2014 04:00,Ensenada,Baja California,Mexico,Light,"Static light over the city, it was lowering and raising its brightness intensity.  ((NUFORC Note:  Possible sighting of Venus?  PD))",https://nuforc.org/sighting/?id=107855
01/17/2004 10:35,Tijuana,Baja California,Mexico,Other,"Imagine the space shuttle on steoids, with stubby X-15 like wings. Object flew overhead, fast and low, then rose quicly, at one point i",https://nuforc.org/sighting/?id=34850
10/13/2003 12:30,Guasave,Sinaloa,Mexico,Changing,Change form getting energy,https://nuforc.org/sighting/?id=33108
12/02/2003 20:30,Los Mochis,Sinaloa,Mexico,Circle,Large circular object with lights on top,https://nuforc.org/sighting/?id=33535
10/23/2003 00:10,Puerto Vallarta,Jalisco,Mexico,Light,bright white lights over the Sierra Madres in Mexico,https://nuforc.org/sighting/?id=32750
08/15/1969 23:00,Ensenada,Baja California,Mexico,Formation,"My brother, a friend, and I witnessed six craft over Baja, Calif, beach in October of 1969",https://nuforc.org/sighting/?id=32448
03/21/1972 20:00,Cozumel,Quintana Roo,Mexico,Light,"I married a woman from the Mexican island of Cozumel, state of Quintana Roo. This was in 1970. My wife an I opened a store in my brothe",https://nuforc.org/sighting/?id=32347
09/13/2003 17:25,Tijuana,Baja California,Mexico,Egg,"El objeto estaba inmovil  en el aire, era de un color plateado y en forma de huevo.",https://nuforc.org/sighting/?id=31456
09/02/2003 22:18,Ajijic,Jalisco,Mexico,Sphere,"A bright red sphere with pulsating white light observed SE of Ajijic, Mexico for about 2 mins.",https://nuforc.org/sighting/?id=31303
05/15/1997 22:00,Tehuacan,Puebla,Mexico,Oval,Oval object with half globe on the top and white-shiny haze around it,https://nuforc.org/sighting/?id=31238
08/31/2003 22:00,Ajijic,Jalisco,Mexico,Sphere,"We observed a red and bright white sphere for some 45 seconds, travelling rapidly in an arc from WSW to NE, below medium cloud cover.",https://nuforc.org/sighting/?id=31105
05/13/1977 13:00,Guadalupe,Nuevo León,Mexico,Egg,It was silent and metalic and reflective.,https://nuforc.org/sighting/?id=32174
12/24/2002 04:00,Cancun,Quintana Roo,Mexico,Other,'dancing' lights that looked like starts zig-zagging and doing other incredible manouveres in Cancun Mexico,https://nuforc.org/sighting/?id=30694
09/13/2003 17:10,Tijuana,Baja California,Mexico,Oval,Gray object above a mount left a trail to the south,https://nuforc.org/sighting/?id=31454
09/10/2003 15:30,Tijuana,Baja California,Mexico,Sphere,3 esferas plateadas  estaban estaticas en el aire a una distancia de 1 kilometro.,https://nuforc.org/sighting/?id=31477
06/02/2003 22:00,Cancun,Quintana Roo,Mexico,Light,I am compelled to relay this recent experience of mine to anyone that may usefully document it.  Keep in mind it's an account written b,https://nuforc.org/sighting/?id=29099
08/13/2002 06:30,Cancun,Quintana Roo,Mexico,Disk,"Digital picture from caribean sun raise taken from hotel window.

UFO in picture found months later while looking at .ppt presentatio",https://nuforc.org/sighting/?id=26290
11/15/2002 07:30,Mexico City,Ciudad de México,Mexico,Egg,UFOs at Mexico City.,https://nuforc.org/sighting/?id=27202
01/01/2001 00:01,Progreso,Yucatán,Mexico,Fireball,2001 New Years Sighting,https://nuforc.org/sighting/?id=26752
08/01/2003 00:15,Cozumel,Quintana Roo,Mexico,Circle,Strange lights seen off a cruise ship in the Caribbean.,https://nuforc.org/sighting/?id=30642
12/04/2002 01:00,Monterrey,Nuevo León,Mexico,,"There was many objects stopping traffic on a major highway outside Monterrey, Mexico",https://nuforc.org/sighting/?id=26823
04/24/2003 01:00,Cancun,Quintana Roo,Mexico,Fireball,"Red fireball moving across the night sky in Cancun, Mexico",https://nuforc.org/sighting/?id=29011
09/13/2002 19:01,Las Maravillas,Chiapas,Mexico,Unknown,"While reviewing pictures I had taken of the ocean view directly in front of my vacation rental, I discovered an image that was captured",https://nuforc.org/sighting/?id=25089
07/17/2002 22:00,San Felipe,Guanajuato,Mexico,Cylinder,there are objects in the baja area not yet identified!!!!!!!!,https://nuforc.org/sighting/?id=23815
08/24/2002 19:15,Tijuana,Baja California,Mexico,Disk,ovni o ?,https://nuforc.org/sighting/?id=24754
04/20/2002 11:00,Cuernavaca,Morelos,Mexico,Oval,Sighting of Motherships retrieving aproximately 50 other smaller ships.,https://nuforc.org/sighting/?id=26107
07/08/2002 23:15,Chihuahua,Chihuahua,Mexico,Triangle,"Vimos una nave triangular con luz roja en cada punta del triangulo, volaba a una velocidad baja a unos 200 mts de altura, la noche esta",https://nuforc.org/sighting/?id=23763
08/14/1996 22:00,Cancun,Quintana Roo,Mexico,Other,Points of lights in Cancun 96,https://nuforc.org/sighting/?id=24717
08/25/2002 13:00,Tijuana,Baja California,Mexico,Disk,This thing was long approx. 200ft and thin. Silver metallic but shiny nothing like an airplane or anything I've ever seen before. We di,https://nuforc.org/sighting/?id=24841
11/23/2002 21:09,Mexico City,Ciudad de México,Mexico,Unknown,"Soundless flashing object crosses sky in 5 seconds, ENE to WSW",https://nuforc.org/sighting/?id=26233
03/31/2002 21:00,Puerto Penasco,Sonora,Mexico,Circle,"I wrote to you about the sighting my family had over the ocean on March 31, 2002, in Puerto Penasco , Mexico  aka Rocky Point... you as",https://nuforc.org/sighting/?id=22508
05/12/2002 17:00,Mexico City,Ciudad de México,Mexico,Circle,Dark circle flying opossite the wind!!,https://nuforc.org/sighting/?id=22944
06/15/2000 14:00,Mexico City,Ciudad de México,Mexico,Sphere,static silver sphere,https://nuforc.org/sighting/?id=22454
02/05/2002 23:30,San Luis Potosi,San Luis Potosí,Mexico,Disk,"Aparecio un objeto extraño a las afueras de la ciudad, el OVNI media al rededor de 300 m de longitud era una cosa enorme y a tan larga",https://nuforc.org/sighting/?id=22716
01/29/2002 20:00,Chihuahua,Chihuahua,Mexico,,tres dias antes del avistamiento tuve un sueño muy bonito y que me ocasiono mucha tranquilidad en el cual veia muchas naves de un color,https://nuforc.org/sighting/?id=22413
03/31/2002 21:00,Puerto Penasco,Sonora,Mexico,Circle,"camping on the beach looking at what we thought was a shooting star and it was falling from the sky over the ocean only it stopped, it",https://nuforc.org/sighting/?id=22414
04/02/2002 20:05,Chihuahua,Chihuahua,Mexico,Light,"Looking at the sky,while visting my parents,we saw what we thought to be at first sight a satelite,except going at least 4 or 5 times t",https://nuforc.org/sighting/?id=22526
05/10/2002 18:50,Cuauhtemoc,Chihuahua,Mexico,Oval,Un noticed,https://nuforc.org/sighting/?id=22904
12/01/2001 21:10,Mazatlan,Sinaloa,Mexico,Light,about 300 saw a bright comet-like object flying too fast and too low from SW to NE at 21:10 on 12/2/01 at about 23°N106W,https://nuforc.org/sighting/?id=21655
06/01/1960 17:00,Hermosillo,Sonora,Mexico,Sphere,I was in the northwest side of the town of Hermosillo Sonora (State)Mexico when i saw the Sphere up on the sky north east of the town i,https://nuforc.org/sighting/?id=22233
01/01/2002 00:10,Tijuana,Baja California,Mexico,Circle,"Object was red,round and no sound flew for awhile the went in to the sky and vanished",https://nuforc.org/sighting/?id=20957
03/13/2002 18:30,Puerto Penasco,Sonora,Mexico,Light,very bright light with huge triangular vapor trail emitting from the bottom of the light source,https://nuforc.org/sighting/?id=22329
07/15/1981 20:00,Mexico City,Ciudad de México,Mexico,Disk,I saw a disc shaped craft with lights underneath slowly moving with no noise across the horizon,https://nuforc.org/sighting/?id=18974
08/01/1982 13:00,Cozumel,Quintana Roo,Mexico,,Can someone give me an idea what this is?,https://nuforc.org/sighting/?id=18807
01/28/1996 20:30,Aguascalientes,Aguascalientes,Mexico,Oval,"The witnesses of this sighting are my father,my brother and I, we were burning some electric cable in the ranch (San antonio de los Ped",https://nuforc.org/sighting/?id=18398
05/28/2001 12:00,Nueva Rosita,Coahuila,Mexico,Disk,One big silver saucer and two small saucer.  On the top of some hills out of the mines during the day 12:00pm. just for a few mintues.,https://nuforc.org/sighting/?id=17847
04/25/2001 19:00,San Felipe,Guanajuato,Mexico,Cylinder,"Bright light following cylindrical nose, near ground, moving linearly southward without noise or trail.",https://nuforc.org/sighting/?id=17630
11/15/1998 12:00,Guadalajara,Jalisco,Mexico,Cylinder,empese a oir boses que me ablavan voltie asia riva y los vi unos silindricos esfericos unos que parecian cerpientes y tome varias fotos,https://nuforc.org/sighting/?id=20838
04/16/2001 22:00,Cancun,Quintana Roo,Mexico,Triangle,"Perfectly shaped triangle of stars, extremely fast moving, two stars circling each other.",https://nuforc.org/sighting/?id=17455
12/25/2000 00:00,Tlaltenango de Sanchez Roman,Zacatecas,Mexico,Light,Bright light on and off for about an hour,https://nuforc.org/sighting/?id=18508
07/01/1965 20:00,Mexicali,Baja California,Mexico,Circle,"UFO  over Mexicali, Mexico - 1960's",https://nuforc.org/sighting/?id=17725
05/30/2001 05:00,Los Mochis,Sinaloa,Mexico,Sphere,"Very bright glowing object would drop suddenly and rise again...and stay still. Looked like Venus, but moved",https://nuforc.org/sighting/?id=19322
04/17/2001 20:45,Cancun,Quintana Roo,Mexico,Light,"A small star like light, making sharp turns in the area of Ursa Major (The Big Dipper)",https://nuforc.org/sighting/?id=17366
03/04/1999 21:00,Puerto Vallarta,Jalisco,Mexico,Fireball,"Orange object moving from north to south in the western sky in Puerto Vallarta, Mexico.",https://nuforc.org/sighting/?id=13983
05/15/1996 00:00,Puerto Vallarta,Jalisco,Mexico,Diamond,4 diamond shaped light over the ocean in Mexico in May of 1996,https://nuforc.org/sighting/?id=13565
06/24/2000 23:00,Cancun,Quintana Roo,Mexico,Sphere,Around 11pm on 06/24 My wife and I Noticed   Circular shape beams of light  with a Halo like circle around them.  They were traveling n,https://nuforc.org/sighting/?id=13226
05/27/2000 00:30,Cancun,Quintana Roo,Mexico,Cigar,WAS SITTING ON THE BEACH AND STARGAZING WHEN I SEEN A SHOOTONG STAR OR THOUGHT IT WAS I DIDN'T NOTICE ANY LIGHTS JUST THAT IT WAS MOVIN,https://nuforc.org/sighting/?id=12983
01/01/2000 01:00,Tenancingo,México,Mexico,Light,Red/Orange light in the sky.,https://nuforc.org/sighting/?id=13301
12/08/2000 19:00,San Jose del Cabo,Baja California Sur,Mexico,Sphere,It was the most amazing sight I've ever seen.,https://nuforc.org/sighting/?id=16387
04/15/1999 02:30,Mexico City,Ciudad de México,Mexico,Sphere,I woke up with a sensation of dehydration and sweat and drank a glass of water feeling a need to open the windows curtain and I saw an,https://nuforc.org/sighting/?id=12555
03/17/1975 19:00,Xico,Veracruz,Mexico,Disk,"Eran las 7 u 8 de la noche, cuando al salir de mi casa, desde el patio de la casa, en ese entonces sin techo; voltie hacia el cielo ya",https://nuforc.org/sighting/?id=10550
11/13/1999 20:00,Guaymas,Sonora,Mexico,Orb,"small star gets bigger, bigger, explodes then smaller light left in it's place proceeds south-west at steady (satelite like)speed.",https://nuforc.org/sighting/?id=10547
03/25/2000 11:30,Isla,Veracruz,Mexico,Oval,"I photograhed my wife for a picture by the lighthouse.  When developted we noticed ""something"" that was not there before.",https://nuforc.org/sighting/?id=12584
04/27/2000 21:00,San Felipe,Guanajuato,Mexico,,Something in the night sky!,https://nuforc.org/sighting/?id=12815
06/15/1999 13:00,Chihuahua,Chihuahua,Mexico,Other,"I think I saw contrails, but this day some military F-5 aircraft were passing by over the city, and I don´t know if they release a whit",https://nuforc.org/sighting/?id=10416
06/01/1994 21:30,Ensenada,Baja California,Mexico,Light,"while scanning the stars,I was drawn to a perfect circle of stars or lights high in the sky. while exclaiming to my friend that this fo",https://nuforc.org/sighting/?id=11872
06/14/1999 22:30,San Felipe,Guanajuato,Mexico,Light,Two lights darting in a zig zag patern. Another flashing craft moving with other lights.,https://nuforc.org/sighting/?id=8578
03/29/1996 15:00,Teotihuacan,México,Mexico,Disk,A disk-shaped flying object appeared above the Pyramid of the Sun at Teotihuacan in Mexico,https://nuforc.org/sighting/?id=8453
